{
    "id": 0,
    "town": "Town10HD_Opt",
    "location": {
        "x": -63.538998,
        "y": 41.364838,
        "z": 13.559649
    },
    "rotation": {
        "pitch": -27.071413,
        "yaw": -56.888706,
        "roll": 0.000031
    }
}